question_id,question,answer_a,answer_b,winner_after_swap,run1_winner,run2_winner,run1_reason,run2_reason,len_a,len_b
1,Luật Dân sự là gì trong bối cảnh bảo vệ dữ liệu cá nhân?,"Luật Dân sự, được ban hành ngày 24 tháng 11 năm 2015, là một trong những căn cứ quan trọng trong Nghị định bảo vệ dữ liệu cá nhân, quy định về trách nhiệm bảo vệ dữ liệu cá nhân của các cơ quan, tổ chức và cá nhân có liên quan.","Luật Dân sự, được ban hành ngày 24 tháng 11 năm 2015, là một trong những căn cứ quan trọng trong Nghị định bảo vệ dữ liệu cá nhân, quy định về trách nhiệm bảo vệ dữ liệu cá nhân của các cơ quan, tổ chức và cá nhân có liên quan.",tie,tie,tie,"{""score_a"": 1.0, ""score_b"": 1.0}","{""score_a"": 1.0, ""score_b"": 1.0}",52,52
2,"Trong bối cảnh bảo mật thông tin, tại sao tình trạng hôn nhân lại được coi là một phần của dữ liệu cá nhân cơ bản?","Tình trạng hôn nhân được coi là một phần của dữ liệu cá nhân cơ bản vì nó là thông tin giúp xác định một con người cụ thể. Dữ liệu cá nhân cơ bản bao gồm nhiều thông tin khác như họ tên, ngày sinh, giới tính, và tình trạng hôn nhân, tất cả đều có thể được sử dụng để nhận diện và xác định một cá nhân trong các hoạt động và giao dịch.","Tình trạng hôn nhân được coi là một phần của dữ liệu cá nhân cơ bản vì nó là thông tin giúp xác định một con người cụ thể. Dữ liệu cá nhân cơ bản bao gồm nhiều thông tin khác như họ tên, ngày sinh, giới tính, và tình trạng hôn nhân, tất cả đều có thể được sử dụng để nhận diện và xác định một cá nhân trong các hoạt động và giao dịch.",tie,tie,tie,"{""score_a"": 1.0, ""score_b"": 1.0}","{""score_a"": 1.0, ""score_b"": 1.0}",77,77
3,What information is required from customers by organizations providing dịch vụ trung gian thanh toán?,"Organizations providing dịch vụ trung gian thanh toán are required to collect customer information, which includes customer identification information as per legal regulations, account information, deposit information, asset information, transaction information, and information about individuals or entities that provide guarantees at credit institutions or organizations offering payment intermediary services.","Organizations providing dịch vụ trung gian thanh toán are required to collect customer information, which includes customer identification information as per legal regulations, account information, deposit information, asset information, transaction information, and information about individuals or entities that provide guarantees at credit institutions or organizations offering payment intermediary services.",tie,tie,tie,"{""score_a"": 1.0, ""score_b"": 1.0}","{""score_a"": 1.0, ""score_b"": 1.0}",49,49
4,Bên Kiểm soát dữ liệu cá nhân có trách nhiệm gì trong việc bảo vệ dữ liệu cá nhân theo quy định?,"Điều 3. Nguyên tắc bảo vệ dữ liệu cá nhân 1. Dữ liệu cá nhân được xử lý theo quy định của pháp luật. 2. Chủ thể dữ liệu được biết về hoạt động liên quan tới xử lý dữ liệu cá nhân của mình, trừ trường hợp luật có quy định khác. 3. Dữ liệu cá nhân chỉ được xử lý với mục đích đã đượ",Bên Kiểm soát dữ liệu cá nhân phải chịu trách nhiệm tuân thủ các nguyên tắc xử lý dữ liệu được quy định từ khoản 1 tới khoản 7 Điều này và chứng minh sự tuân thủ của mình với các nguyên tắc xử lý dữ liệu đó.,B,B,B,"{""score_a"": 0.417, ""score_b"": 1.0}","{""score_a"": 1.0, ""score_b"": 0.417}",67,48
5,Công hòa xã hội chủ nghĩa Việt Nam có những quy định gì về bảo vệ dữ liệu cá nhân?,"Việc bảo vệ dữ liệu cá nhân tại Cộng hòa xã hội chủ nghĩa Việt Nam được thực hiện theo quy định các điều ước quốc tế mà nước này là thành viên, các quy định khác của Luật có liên quan và Nghị định bảo vệ dữ liệu cá nhân. Điều 6 quy định rằng việc bảo vệ dữ liệu cá nhân phải tuân thủ các điều ước quốc tế và các quy định pháp luật liên quan.","Việc bảo vệ dữ liệu cá nhân tại Cộng hòa xã hội chủ nghĩa Việt Nam được thực hiện theo quy định các điều ước quốc tế mà nước này là thành viên, các quy định khác của Luật có liên quan và Nghị định bảo vệ dữ liệu cá nhân. Điều 6 quy định rằng việc bảo vệ dữ liệu cá nhân phải tuân thủ các điều ước quốc tế và các quy định pháp luật liên quan.",tie,tie,tie,"{""score_a"": 1.0, ""score_b"": 1.0}","{""score_a"": 1.0, ""score_b"": 1.0}",79,79
6,What are the rights of data subjects as outlined in the Nghị định regarding personal data protection?,"The Nghị định outlines several rights of data subjects, including: 1. The right to know about the processing of their personal data, unless otherwise specified by law. 2. The right to consent, allowing data subjects to agree or disagree to the processing of their personal data, except as stated in Article 17 of the Nghị định. 3. The right to access, enabling data subjects to view, edit, or request edits to their personal data, unless otherwise specified by law. 4. The right to withdraw consent, allowing data subjects to retract their consent, unless otherwise specified by law. 5. The right to delete data, permitting data subjects to delete or request the deletion of their personal data, unless otherwise specified by law. 6. The right to restrict processing, allowing data subjects to request limitations on the processing of their personal data, which must be executed within 72 hours of the request, unless otherwise specified by law. 7. The right to provide data, enabling data subjects to request that the data controller provide their personal data, unless otherwise specified by law. 8. The right to object to data processing, allowing data subjects to oppose the processing of their personal data by the data controller for purposes such as advertising or marketing, unless otherwise specified by law.","The Nghị định outlines several rights of data subjects, including: 1. The right to know about the processing of their personal data, unless otherwise specified by law. 2. The right to consent, allowing data subjects to agree or disagree to the processing of their personal data, except as stated in Article 17 of the Nghị định. 3. The right to access, enabling data subjects to view, edit, or request edits to their personal data, unless otherwise specified by law. 4. The right to withdraw consent, allowing data subjects to retract their consent, unless otherwise specified by law. 5. The right to delete data, permitting data subjects to delete or request the deletion of their personal data, unless otherwise specified by law. 6. The right to restrict processing, allowing data subjects to request limitations on the processing of their personal data, which must be executed within 72 hours of the request, unless otherwise specified by law. 7. The right to provide data, enabling data subjects to request that the data controller provide their personal data, unless otherwise specified by law. 8. The right to object to data processing, allowing data subjects to oppose the processing of their personal data by the data controller for purposes such as advertising or marketing, unless otherwise specified by law.",tie,tie,tie,"{""score_a"": 1.0, ""score_b"": 1.0}","{""score_a"": 1.0, ""score_b"": 1.0}",214,214
7,What are the obligations of data subjects according to the Nghị định?,"According to the Nghị định, the obligations of data subjects include: 1. Self-protecting their personal data; requesting other organizations or individuals to protect their personal data. 2. Respecting and protecting the personal data of others. 3. Providing complete and accurate personal data when consenting to the processing of personal data. 4. Participating in the dissemination of skills for personal data protection. 5. Complying with legal regulations on personal data protection and participating in combating violations of personal data protection regulations.","According to the Nghị định, the obligations of data subjects include: 1. Self-protecting their personal data; requesting other organizations or individuals to protect their personal data. 2. Respecting and protecting the personal data of others. 3. Providing complete and accurate personal data when consenting to the processing of personal data. 4. Participating in the dissemination of skills for personal data protection. 5. Complying with legal regulations on personal data protection and participating in combating violations of personal data protection regulations.",tie,tie,tie,"{""score_a"": 1.0, ""score_b"": 1.0}","{""score_a"": 1.0, ""score_b"": 1.0}",80,80
8,Chủ thể dữ liệu là ai trong quy định này?,Chủ thể dữ liệu là cá nhân mà dữ liệu cá nhân của họ được xử lý. Họ có quyền yêu cầu Bên Kiểm soát dữ liệu cá nhân cung cấp dữ liệu cá nhân của mình và có quyền rút lại sự đồng ý cho việc xử lý dữ liệu.,Chủ thể dữ liệu là cá nhân mà dữ liệu cá nhân của họ được xử lý. Họ có quyền yêu cầu Bên Kiểm soát dữ liệu cá nhân cung cấp dữ liệu cá nhân của mình và có quyền rút lại sự đồng ý cho việc xử lý dữ liệu.,tie,tie,tie,"{""score_a"": 1.0, ""score_b"": 1.0}","{""score_a"": 1.0, ""score_b"": 1.0}",51,51
9,What are the responsibilities outlined in Điều 15 regarding the modification of personal data?,"According to Điều 15, the responsibilities regarding the modification of personal data include the following: The data subject has the right to access and edit their personal data after obtaining consent from the data controller. If direct modification is not possible due to technical reasons or other factors, the data subject can request the data controller to make the necessary changes. The data controller is required to modify the personal data of the data subject after receiving their consent as soon as possible or according to relevant legal regulations, and they must notify the data subject within 72 hours after receiving the request for modification.","According to Điều 15, the responsibilities regarding the modification of personal data include the following: The data subject has the right to access and edit their personal data after obtaining consent from the data controller. If direct modification is not possible due to technical reasons or other factors, the data subject can request the data controller to make the necessary changes. The data controller is required to modify the personal data of the data subject after receiving their consent as soon as possible or according to relevant legal regulations, and they must notify the data subject within 72 hours after receiving the request for modification.",tie,tie,tie,"{""score_a"": 1.0, ""score_b"": 1.0}","{""score_a"": 1.0, ""score_b"": 1.0}",105,105
10,What is the role of Bên Kiểm soát dữ liệu cá nhân in data processing?,"Bên Kiểm soát dữ liệu cá nhân is responsible for collecting, processing, and ensuring the protection of personal data according to legal regulations. They must demonstrate the necessity of data processing in emergencies and ensure that personal data is not stored longer than needed for their activities.","Bên Kiểm soát dữ liệu cá nhân is responsible for collecting, processing, and ensuring the protection of personal data according to legal regulations. They must demonstrate the necessity of data processing in emergencies and ensure that personal data is not stored longer than needed for their activities.",tie,tie,tie,"{""score_a"": 1.0, ""score_b"": 1.0}","{""score_a"": 1.0, ""score_b"": 1.0}",47,47
11,"Tổ chức, cá nhân có thể sử dụng dữ liệu cá nhân của khách hàng khi nào?","Tổ chức, cá nhân kinh doanh dịch vụ tiếp thị, giới thiệu sản phẩm quảng cáo chỉ được sử dụng dữ liệu cá nhân của khách hàng được thu thập qua hoạt động kinh doanh của mình để kinh doanh dịch vụ tiếp thị, giới thiệu sản phẩm quảng cáo khi có sự đồng ý của chủ thể dữ liệu.","Tổ chức, cá nhân kinh doanh dịch vụ tiếp thị, giới thiệu sản phẩm quảng cáo chỉ được sử dụng dữ liệu cá nhân của khách hàng được thu thập qua hoạt động kinh doanh của mình để kinh doanh dịch vụ tiếp thị, giới thiệu sản phẩm quảng cáo khi có sự đồng ý của chủ thể dữ liệu.",tie,tie,tie,"{""score_a"": 1.0, ""score_b"": 1.0}","{""score_a"": 1.0, ""score_b"": 1.0}",60,60
12,What role does Cục An ninh mạng play in data protection violations?,Cục An ninh mạng is involved in handling violations of personal data protection regulations by coordinating with the data controllers and processors to address such violations.,Cục An ninh mạng is involved in handling violations of personal data protection regulations by coordinating with the data controllers and processors to address such violations.,tie,tie,tie,"{""score_a"": 1.0, ""score_b"": 1.0}","{""score_a"": 1.0, ""score_b"": 1.0}",26,26
13,Bên Xử lý dữ liệu cá nhân có trách nhiệm gì trong việc bảo vệ dữ liệu cá nhân?,"vệ dữ liệu cá nhân của Bên Kiểm soát dữ liệu cá nhân, Bên Kiểm soát và xử lý dữ liệu cá nhân; - c) Mục đích xử lý dữ liệu cá nhân; - d) Các loại dữ liệu cá nhân được xử lý; - e) Tổ chức, cá nhân nhận dữ liệu cá nhân, bao gồm tổ chức, cá nhân ngoài lãnh thổ Việt Nam; - f) Trường h","Bên Xử lý dữ liệu cá nhân có trách nhiệm lập và lưu giữ Hồ sơ đánh giá tác động xử lý dữ liệu cá nhân, bao gồm thông tin và chi tiết liên lạc của Bên Xử lý dữ liệu cá nhân, mô tả các hoạt động xử lý và các loại dữ liệu cá nhân được xử lý, thời gian xử lý dữ liệu cá nhân, và các biện pháp bảo vệ dữ liệu cá nhân được áp dụng.",B,B,B,"{""score_a"": 0.356, ""score_b"": 1.0}","{""score_a"": 1.0, ""score_b"": 0.356}",70,81
14,What is the role of Bộ Công an in the context of personal data processing?,"Bộ Công an (Cục An ninh mạng và phòng, chống tội phạm sử dụng công nghệ cao) is responsible for evaluating and requiring the data controllers and processors to complete the impact assessment documentation for personal data processing as per the regulations.","Bộ Công an (Cục An ninh mạng và phòng, chống tội phạm sử dụng công nghệ cao) is responsible for evaluating and requiring the data controllers and processors to complete the impact assessment documentation for personal data processing as per the regulations.",tie,tie,tie,"{""score_a"": 1.0, ""score_b"": 1.0}","{""score_a"": 1.0, ""score_b"": 1.0}",42,42
15,What role does Bộ Công an play in the assessment of personal data transfer impacts?,"Bộ Công an is responsible for evaluating the impact of transferring personal data abroad. Organizations transferring data must submit a complete assessment file to Bộ Công an within 60 days of processing personal data. Additionally, Bộ Công an may require the organization to complete the assessment file if it is found to be incomplete or not in compliance with regulations.","Bộ Công an is responsible for evaluating the impact of transferring personal data abroad. Organizations transferring data must submit a complete assessment file to Bộ Công an within 60 days of processing personal data. Additionally, Bộ Công an may require the organization to complete the assessment file if it is found to be incomplete or not in compliance with regulations.",tie,tie,tie,"{""score_a"": 1.0, ""score_b"": 1.0}","{""score_a"": 1.0, ""score_b"": 1.0}",60,60
16,Làm thế nào để bảo vệ dữ liệu cá nhân của công dân Việt Nam?,"Để bảo vệ dữ liệu cá nhân của công dân Việt Nam, cần áp dụng các biện pháp bảo vệ dữ liệu cá nhân ngay từ khi bắt đầu và trong suốt quá trình xử lý dữ liệu. Các biện pháp này bao gồm biện pháp quản lý, biện pháp kỹ thuật, và các biện pháp do cơ quan quản lý nhà nước thực hiện theo quy định của Nghị định và pháp luật có liên quan.","Để bảo vệ dữ liệu cá nhân của công dân Việt Nam, cần áp dụng các biện pháp bảo vệ dữ liệu cá nhân ngay từ khi bắt đầu và trong suốt quá trình xử lý dữ liệu. Các biện pháp này bao gồm biện pháp quản lý, biện pháp kỹ thuật, và các biện pháp do cơ quan quản lý nhà nước thực hiện theo quy định của Nghị định và pháp luật có liên quan.",tie,tie,tie,"{""score_a"": 1.0, ""score_b"": 1.0}","{""score_a"": 1.0, ""score_b"": 1.0}",77,77
17,"Cung cấp thông tin về chủ trương, đường lối, chính sách của Đảng liên quan đến bảo vệ dữ liệu cá nhân là gì?","Cổng thông tin quốc gia về bảo vệ dữ liệu cá nhân cung cấp thông tin về chủ trương, đường lối, chính sách của Đảng; pháp luật của Nhà nước về bảo vệ dữ liệu cá nhân.","Cổng thông tin quốc gia về bảo vệ dữ liệu cá nhân cung cấp thông tin về chủ trương, đường lối, chính sách của Đảng; pháp luật của Nhà nước về bảo vệ dữ liệu cá nhân.",tie,tie,tie,"{""score_a"": 1.0, ""score_b"": 1.0}","{""score_a"": 1.0, ""score_b"": 1.0}",37,37
18,Luật Dân sự là gì trong bối cảnh bảo vệ dữ liệu cá nhân (phiên bản kiểm thử 2)?,"Luật Dân sự, được ban hành ngày 24 tháng 11 năm 2015, là một trong những căn cứ quan trọng trong Nghị định bảo vệ dữ liệu cá nhân, quy định về trách nhiệm bảo vệ dữ liệu cá nhân của các cơ quan, tổ chức và cá nhân có liên quan.","Luật Dân sự, được ban hành ngày 24 tháng 11 năm 2015, là một trong những căn cứ quan trọng trong Nghị định bảo vệ dữ liệu cá nhân, quy định về trách nhiệm bảo vệ dữ liệu cá nhân của các cơ quan, tổ chức và cá nhân có liên quan.",tie,tie,tie,"{""score_a"": 1.0, ""score_b"": 1.0}","{""score_a"": 1.0, ""score_b"": 1.0}",52,52
19,"Trong bối cảnh bảo mật thông tin, tại sao tình trạng hôn nhân lại được coi là một phần của dữ liệu cá nhân cơ bản (phiên bản kiểm thử 3)?","Tình trạng hôn nhân được coi là một phần của dữ liệu cá nhân cơ bản vì nó là thông tin giúp xác định một con người cụ thể. Dữ liệu cá nhân cơ bản bao gồm nhiều thông tin khác như họ tên, ngày sinh, giới tính, và tình trạng hôn nhân, tất cả đều có thể được sử dụng để nhận diện và xác định một cá nhân trong các hoạt động và giao dịch.","Tình trạng hôn nhân được coi là một phần của dữ liệu cá nhân cơ bản vì nó là thông tin giúp xác định một con người cụ thể. Dữ liệu cá nhân cơ bản bao gồm nhiều thông tin khác như họ tên, ngày sinh, giới tính, và tình trạng hôn nhân, tất cả đều có thể được sử dụng để nhận diện và xác định một cá nhân trong các hoạt động và giao dịch.",tie,tie,tie,"{""score_a"": 1.0, ""score_b"": 1.0}","{""score_a"": 1.0, ""score_b"": 1.0}",77,77
20,What information is required from customers by organizations providing dịch vụ trung gian thanh toán (phiên bản kiểm thử 4)?,"Organizations providing dịch vụ trung gian thanh toán are required to collect customer information, which includes customer identification information as per legal regulations, account information, deposit information, asset information, transaction information, and information about individuals or entities that provide guarantees at credit institutions or organizations offering payment intermediary services.","Organizations providing dịch vụ trung gian thanh toán are required to collect customer information, which includes customer identification information as per legal regulations, account information, deposit information, asset information, transaction information, and information about individuals or entities that provide guarantees at credit institutions or organizations offering payment intermediary services.",tie,tie,tie,"{""score_a"": 1.0, ""score_b"": 1.0}","{""score_a"": 1.0, ""score_b"": 1.0}",49,49
21,Bên Kiểm soát dữ liệu cá nhân có trách nhiệm gì trong việc bảo vệ dữ liệu cá nhân theo quy định (phiên bản kiểm thử 5)?,"Điều 3. Nguyên tắc bảo vệ dữ liệu cá nhân 1. Dữ liệu cá nhân được xử lý theo quy định của pháp luật. 2. Chủ thể dữ liệu được biết về hoạt động liên quan tới xử lý dữ liệu cá nhân của mình, trừ trường hợp luật có quy định khác. 3. Dữ liệu cá nhân chỉ được xử lý với mục đích đã đượ",Bên Kiểm soát dữ liệu cá nhân phải chịu trách nhiệm tuân thủ các nguyên tắc xử lý dữ liệu được quy định từ khoản 1 tới khoản 7 Điều này và chứng minh sự tuân thủ của mình với các nguyên tắc xử lý dữ liệu đó.,B,B,B,"{""score_a"": 0.417, ""score_b"": 1.0}","{""score_a"": 1.0, ""score_b"": 0.417}",67,48
22,Công hòa xã hội chủ nghĩa Việt Nam có những quy định gì về bảo vệ dữ liệu cá nhân (phiên bản kiểm thử 6)?,"Việc bảo vệ dữ liệu cá nhân tại Cộng hòa xã hội chủ nghĩa Việt Nam được thực hiện theo quy định các điều ước quốc tế mà nước này là thành viên, các quy định khác của Luật có liên quan và Nghị định bảo vệ dữ liệu cá nhân. Điều 6 quy định rằng việc bảo vệ dữ liệu cá nhân phải tuân thủ các điều ước quốc tế và các quy định pháp luật liên quan.","Việc bảo vệ dữ liệu cá nhân tại Cộng hòa xã hội chủ nghĩa Việt Nam được thực hiện theo quy định các điều ước quốc tế mà nước này là thành viên, các quy định khác của Luật có liên quan và Nghị định bảo vệ dữ liệu cá nhân. Điều 6 quy định rằng việc bảo vệ dữ liệu cá nhân phải tuân thủ các điều ước quốc tế và các quy định pháp luật liên quan.",tie,tie,tie,"{""score_a"": 1.0, ""score_b"": 1.0}","{""score_a"": 1.0, ""score_b"": 1.0}",79,79
23,What are the rights of data subjects as outlined in the Nghị định regarding personal data protection (phiên bản kiểm thử 7)?,"The Nghị định outlines several rights of data subjects, including: 1. The right to know about the processing of their personal data, unless otherwise specified by law. 2. The right to consent, allowing data subjects to agree or disagree to the processing of their personal data, except as stated in Article 17 of the Nghị định. 3. The right to access, enabling data subjects to view, edit, or request edits to their personal data, unless otherwise specified by law. 4. The right to withdraw consent, allowing data subjects to retract their consent, unless otherwise specified by law. 5. The right to delete data, permitting data subjects to delete or request the deletion of their personal data, unless otherwise specified by law. 6. The right to restrict processing, allowing data subjects to request limitations on the processing of their personal data, which must be executed within 72 hours of the request, unless otherwise specified by law. 7. The right to provide data, enabling data subjects to request that the data controller provide their personal data, unless otherwise specified by law. 8. The right to object to data processing, allowing data subjects to oppose the processing of their personal data by the data controller for purposes such as advertising or marketing, unless otherwise specified by law.","The Nghị định outlines several rights of data subjects, including: 1. The right to know about the processing of their personal data, unless otherwise specified by law. 2. The right to consent, allowing data subjects to agree or disagree to the processing of their personal data, except as stated in Article 17 of the Nghị định. 3. The right to access, enabling data subjects to view, edit, or request edits to their personal data, unless otherwise specified by law. 4. The right to withdraw consent, allowing data subjects to retract their consent, unless otherwise specified by law. 5. The right to delete data, permitting data subjects to delete or request the deletion of their personal data, unless otherwise specified by law. 6. The right to restrict processing, allowing data subjects to request limitations on the processing of their personal data, which must be executed within 72 hours of the request, unless otherwise specified by law. 7. The right to provide data, enabling data subjects to request that the data controller provide their personal data, unless otherwise specified by law. 8. The right to object to data processing, allowing data subjects to oppose the processing of their personal data by the data controller for purposes such as advertising or marketing, unless otherwise specified by law.",tie,tie,tie,"{""score_a"": 1.0, ""score_b"": 1.0}","{""score_a"": 1.0, ""score_b"": 1.0}",214,214
24,What are the obligations of data subjects according to the Nghị định (phiên bản kiểm thử 8)?,"According to the Nghị định, the obligations of data subjects include: 1. Self-protecting their personal data; requesting other organizations or individuals to protect their personal data. 2. Respecting and protecting the personal data of others. 3. Providing complete and accurate personal data when consenting to the processing of personal data. 4. Participating in the dissemination of skills for personal data protection. 5. Complying with legal regulations on personal data protection and participating in combating violations of personal data protection regulations.","According to the Nghị định, the obligations of data subjects include: 1. Self-protecting their personal data; requesting other organizations or individuals to protect their personal data. 2. Respecting and protecting the personal data of others. 3. Providing complete and accurate personal data when consenting to the processing of personal data. 4. Participating in the dissemination of skills for personal data protection. 5. Complying with legal regulations on personal data protection and participating in combating violations of personal data protection regulations.",tie,tie,tie,"{""score_a"": 1.0, ""score_b"": 1.0}","{""score_a"": 1.0, ""score_b"": 1.0}",80,80
25,Chủ thể dữ liệu là ai trong quy định này (phiên bản kiểm thử 9)?,Chủ thể dữ liệu là cá nhân mà dữ liệu cá nhân của họ được xử lý. Họ có quyền yêu cầu Bên Kiểm soát dữ liệu cá nhân cung cấp dữ liệu cá nhân của mình và có quyền rút lại sự đồng ý cho việc xử lý dữ liệu.,Chủ thể dữ liệu là cá nhân mà dữ liệu cá nhân của họ được xử lý. Họ có quyền yêu cầu Bên Kiểm soát dữ liệu cá nhân cung cấp dữ liệu cá nhân của mình và có quyền rút lại sự đồng ý cho việc xử lý dữ liệu.,tie,tie,tie,"{""score_a"": 1.0, ""score_b"": 1.0}","{""score_a"": 1.0, ""score_b"": 1.0}",51,51
26,"What are the requirements for organizations to protect sensitive personal data during cross-border data transfers, and how do these requirements relate to the evaluation of data protection measures as outlined in the regulations?","Organizations must ensure the protection of sensitive personal data during cross-border data transfers by adhering to specific regulations, such as those outlined in Nghị định số 356/2025/NĐ-CP.","Organizations must ensure the protection of sensitive personal data during cross-border data transfers by adhering to specific regulations, such as those outlined in Nghị định số 356/2025/NĐ-CP. This includes identifying the types of sensitive personal data being transferred, implementing appropriate security measures, and conducting evaluations of compliance with data protection regulations. The evaluation process involves assessing the necessity of data transfers, the risks involved, and the effectiveness of the measures taken to safeguard personal data, ensuring that the rights and interests of data subjects are protected. Điều này cho thấy câu trả lời cần tổng hợp nhiều ý trước khi kết luận.",B,B,B,"{""score_a"": 0.419, ""score_b"": 1.0}","{""score_a"": 1.0, ""score_b"": 0.419}",27,102
27,"What are the difficulties and risks associated with cross-border personal data transfers, and how do they impact the compliance with data protection regulations?","The difficulties and risks associated with cross-border personal data transfers include challenges in ensuring compliance with legal regulations, potential breaches of data security, and the complexities of managing sensitive personal data.","The difficulties and risks associated with cross-border personal data transfers include challenges in ensuring compliance with legal regulations, potential breaches of data security, and the complexities of managing sensitive personal data. These factors can significantly impact the organization's ability to protect individuals' rights and maintain compliance with data protection laws. The evaluation of the necessity for such transfers must consider the current state of data processing, including both the advantages and the risks involved in transferring personal data across borders. Điều này cho thấy câu trả lời cần tổng hợp nhiều ý trước khi kết luận.",B,B,B,"{""score_a"": 0.455, ""score_b"": 1.0}","{""score_a"": 1.0, ""score_b"": 0.455}",31,96
28,Chuyển dữ liệu cá nhân có rủi ro vi phạm dữ liệu cá nhân không?,"Chuyển dữ liệu cá nhân xuyên biên giới có thể gặp rủi ro vi phạm dữ liệu cá nhân, đặc biệt nếu không có các biện pháp bảo vệ dữ liệu cá nhân đầy đủ và hiệu quả.","Chuyển dữ liệu cá nhân xuyên biên giới có thể gặp rủi ro vi phạm dữ liệu cá nhân, đặc biệt nếu không có các biện pháp bảo vệ dữ liệu cá nhân đầy đủ và hiệu quả. Đánh giá cách thức xử lý và lưu trữ, cũng như các biện pháp bảo vệ dữ liệu cá nhân của bên nhận dữ liệu là rất quan trọng để phòng ngừa, phát hiện và ứng phó với các rủi ro này. Điều này cho thấy câu trả lời cần tổng hợp nhiều ý trước khi kết luận.",B,B,B,"{""score_a"": 0.536, ""score_b"": 1.0}","{""score_a"": 1.0, ""score_b"": 0.536}",38,96
29,"What are the implications of cross-border data transfer on national security, and how do data protection services address these concerns?","The implications of cross-border data transfer on national security include potential risks associated with the processing and transfer of personal data, especially when it involves over 100,000 data subjects or sensitive data of more than 10,000 individuals.","The implications of cross-border data transfer on national security include potential risks associated with the processing and transfer of personal data, especially when it involves over 100,000 data subjects or sensitive data of more than 10,000 individuals. Such large-scale data transfers can significantly impact national security and public order. To address these concerns, data protection services are evaluated based on their ability to ensure the security, integrity, and availability of information systems. This evaluation focuses on risks such as data breaches, unauthorized access, and operational disruptions, and includes the implementation of protective measures to mitigate these risks. Điều này cho thấy câu trả lời cần tổng hợp nhiều ý trước khi kết luận.",B,B,B,"{""score_a"": 0.437, ""score_b"": 1.0}","{""score_a"": 1.0, ""score_b"": 0.437}",37,113
30,"What measures are implemented to protect personal data during cross-border data transfers, and how is compliance with data protection regulations evaluated?","To protect personal data during cross-border data transfers, various measures are implemented, including technical, managerial, and training initiatives.","To protect personal data during cross-border data transfers, various measures are implemented, including technical, managerial, and training initiatives. These measures ensure the safety of personal data as it is processed and transferred. Additionally, compliance with data protection regulations is evaluated through specific assessments that detail the forms, timing, and results of compliance evaluations, ensuring that the organization adheres to the legal requirements for personal data protection. Điều này cho thấy câu trả lời cần tổng hợp nhiều ý trước khi kết luận.",B,B,B,"{""score_a"": 0.347, ""score_b"": 1.0}","{""score_a"": 1.0, ""score_b"": 0.347}",18,82
